American Express,8374,americanexpress.com,7,American Express
American Express,8374,americanexpress.com,7,American Express
American Express,8374,americanexpress.com,7,American Express
AMERICAN EXPRESS BARCELO VIAJES,10753714,amexbarcelo.com,6,American Express
AMERICAN EXPRESS BARCELO VIAJES,10753714,amexbarcelo.com,6,American Express
AMERICAN EXPRESS BARCELO VIAJES,10753714,amexbarcelo.com,6,American Express
American Express Network,11062113,amexnetwork.com,5,American Express
American Express Travel,10951038,travel.americanexpress.com,5,American Express
American Express Network,11062113,amexnetwork.com,5,American Express
American Express Network,11062113,amexnetwork.com,5,American Express
American Express Travel,10951038,travel.americanexpress.com,5,American Express
American Express Travel,10951038,travel.americanexpress.com,5,American Express
American Flags Express Inc.,10747599,flagsexpress.com,3,American Express
All Seasons Travel/American Express,10542495,allseasonstravel.com,3,American Express
Cruise Planners - American Express Travel,173927,cruiseplanners.com,3,American Express
American Flags Express Inc.,10747599,flagsexpress.com,3,American Express
All Seasons Travel/American Express,10542495,allseasonstravel.com,3,American Express
Cruise Planners - American Express Travel,173927,cruiseplanners.com,3,American Express
All Seasons Travel/American Express,10542495,allseasonstravel.com,3,American Express
Cruise Planners - American Express Travel,173927,cruiseplanners.com,3,American Express
American Flags Express Inc.,10747599,flagsexpress.com,3,American Express
cook travel american express,10707191,cooktravel.net,2,American Express
Caminos Turismo y Viajes - American Express Travel Service,10613028,caminosturismo.com.ar,2,American Express
Caminos Turismo y Viajes - American Express Travel Service,10613028,caminosturismo.com.ar,2,American Express
American West WorldWide Express,10291238,awest.com,2,American Express
"Jim's Travel Link, Inc. an American Express Representative",10199103,jimstravel.com,2,American Express
cook travel american express,10707191,cooktravel.net,2,American Express
Caminos Turismo y Viajes - American Express Travel Service,10613028,caminosturismo.com.ar,2,American Express
"Jim's Travel Link, Inc. an American Express Representative",10199103,jimstravel.com,2,American Express
American West WorldWide Express,10291238,awest.com,2,American Express
cook travel american express,10707191,cooktravel.net,2,American Express
"Jim's Travel Link, Inc. an American Express Representative",10199103,jimstravel.com,2,American Express
American West WorldWide Express,10291238,awest.com,2,American Express
Obriy American Express,10397758,obriy.ua,1,American Express
Obriy American Express,10397758,obriy.ua,1,American Express
Obriy American Express,10397758,obriy.ua,1,American Express
American Express Community Stadium,10475473,azure.uk.com,0,American Express
Vista Travel Inc. / American Express,10523295,vistat.com,0,American Express
Total Cruise & Travel Experts - An American Express/Cruise Planners Travel Services Agency,10486007,totaltravelexperts.com,0,American Express
SI travel American Express,10514356,sialliance.com,0,American Express
American Home Care Express,10476048,ahce.us,0,American Express
Voyages Lennoxville American Express,10435328,voyageslennoxville.com,0,American Express
Always Travel Inc/ American Express Travel Services,10240042,alwaystravel.ca,0,American Express
Jacaranda Travel/American Express,10222611,jacarandatravel.com,0,American Express
American Express Ventures,18628,"",0,American Express
American Express Cruise Planner and Full Service TravelSpecialist,10726000,seasationalcruises.com,0,American Express
Cruise Planners/American Express,10843267,bunnyscruisesandvacations.com,0,American Express
American Express Co (Mexico),10836411,mxpromo.com,0,American Express
Voyages VP&A American Express,10967356,voyagesvpa.com,0,American Express
American Express,11036578,plenti.com,0,American Express
American Express,11036578,plenti.com,0,American Express
Voyages VP&A American Express,10967356,voyagesvpa.com,0,American Express
American Express Co (Mexico),10836411,mxpromo.com,0,American Express
American Express Ventures,18628,"",0,American Express
Cruise Planners/American Express,10843267,bunnyscruisesandvacations.com,0,American Express
American Express Cruise Planner and Full Service TravelSpecialist,10726000,seasationalcruises.com,0,American Express
Jacaranda Travel/American Express,10222611,jacarandatravel.com,0,American Express
Always Travel Inc/ American Express Travel Services,10240042,alwaystravel.ca,0,American Express
American Home Care Express,10476048,ahce.us,0,American Express
American Express Community Stadium,10475473,azure.uk.com,0,American Express
Voyages Lennoxville American Express,10435328,voyageslennoxville.com,0,American Express
Vista Travel Inc. / American Express,10523295,vistat.com,0,American Express
SI travel American Express,10514356,sialliance.com,0,American Express
Total Cruise & Travel Experts - An American Express/Cruise Planners Travel Services Agency,10486007,totaltravelexperts.com,0,American Express
Total Cruise & Travel Experts - An American Express/Cruise Planners Travel Services Agency,10486007,totaltravelexperts.com,0,American Express
American Express Community Stadium,10475473,azure.uk.com,0,American Express
American Home Care Express,10476048,ahce.us,0,American Express
SI travel American Express,10514356,sialliance.com,0,American Express
Vista Travel Inc. / American Express,10523295,vistat.com,0,American Express
Voyages Lennoxville American Express,10435328,voyageslennoxville.com,0,American Express
Always Travel Inc/ American Express Travel Services,10240042,alwaystravel.ca,0,American Express
American Express Cruise Planner and Full Service TravelSpecialist,10726000,seasationalcruises.com,0,American Express
Cruise Planners/American Express,10843267,bunnyscruisesandvacations.com,0,American Express
American Express Co (Mexico),10836411,mxpromo.com,0,American Express
Jacaranda Travel/American Express,10222611,jacarandatravel.com,0,American Express
American Express,11036578,plenti.com,0,American Express
American Express Ventures,18628,"",0,American Express
Voyages VP&A American Express,10967356,voyagesvpa.com,0,American Express
Apple,547,apple.com,9,Apple
applegate,271125,applegate.com,5,Apple
appleandeve.com,317545,appleandeve.com,5,Apple
Applegate,10026440,applegatefarms.com,5,Apple
appleamerican.com,243572,appleamerican.com,4,Apple
Apple Seeds,110522,appleseedsplay.com,4,Apple
Apple Tree Partners,4205,appletreepartners.com,4,Apple
Appleton Creative,10180949,appletoncreative.com,4,Apple
AppleTree Institute for Education Innovation,224610,appletreeinstitute.org,4,Apple
Wood keys for Macbook & Apple Keyboards,258781,rawbkny.com,4,Apple
Touchtype: A Case for iPad and Apple Wireless Keyboard,258668,touchtypecase.com,3,Apple
apple.freebiejeebies.co.uk,248591,apple.freebiejeebies.co.uk,3,Apple
Applewhite Aero,304335,applewhiteaero.com,3,Apple
Robert Applebaum MD,152379,applebaummd.com,3,Apple
Applesnapz Limited,212357,snapzcrisps.com,2,Apple
Apple Toon,212774,appletoon.com,2,Apple
Apple Polishers Toastmasters,10062558,hillarysaffran.com,2,Apple
AppLearn,157001,applearn.tv,2,Apple
AppleWhite Dental,10744064,applewhite-dp.com,2,Apple
PointScribe for the Apple Mac & iPad Platforms,260673,pointscribe.com,2,Apple
c/dock - For the Apple iPhone,256103,thecdock.com,2,Apple
Bacon & Apples,10177921,baconandapples.com,1,Apple
applesafety,248590,applesafety.com,1,Apple
Big Apple Volkswagen,10183663,bigapplevw.com,1,Apple
Apple Video Facilities,10056687,applevideo.co.uk,1,Apple
Macrae Roxburgh Appleby,10195036,mlegalgroup.com,1,Apple
eXoskeleton Case & Stand - Get a grip on your Apple iPa,260470,kenhellewell.com,1,Apple
APPLE STARS TOO!,258790,token-horseman-entertainment.com,1,Apple
"Core Commercial, Inc. Appleton, WI",10190841,corewis.com,1,Apple
Dream Swim,260381,itunes.apple.com,0,Apple
Storm - A Dark Twisted Tragedy.,261103,itunes.apple.com,0,Apple
appleadvertising.com.au,10022156,appleadvertising.com.au,0,Apple
Local Apple,10000152,localapple.ca,0,Apple
Sound Crown-Apple vs. Headwear / Changeable Cap/Watch S,260342,pixsoleco.com,0,Apple
"KING PONG PROJECT: You vote, We build. iPhone & Apple T",260206,polar-b.com,0,Apple
appletotscards.co.uk,248589,appletotscards.co.uk,0,Apple
Applecroft Homes,10040488,applecrofthomes.co.uk,0,Apple
Spool Dock: The Modern Apple Dock with a Twist,262156,quellandco.com,0,Apple
BattleStation,262005,itunes.apple.com,0,Apple
Appletree Photography,10064045,appletreephotography.co.uk,0,Apple
Big Apple Fun Center,10058015,bigapplefuncenter.net,0,Apple
Apple Contracting,10179153,appleinc.net,0,Apple
James Appleyard,18126,"",0,Apple
Applegate Information Services LLC,10188724,aplg8.net,0,Apple
AppleTree.com,43591,appletree.com,0,Apple
ApplePie Capital,10022600,applepiecapital.com,0,Apple
Green Apple Media,11228,greenapplemedia.ie,0,Apple
Green Apple Marketing,10193143,greenapplemarketing.ca,0,Apple
Red Apple Insurance,10196866,redapplemail.com,0,Apple
Apple Rejected Me,10149381,applerejectedme.com,0,Apple
HotelQuickly,143641,hotelquickly.com,4,HotelQuickly
Ripple,274266,ripple.com,5,Ripple
Ripple Labs,193446,ripplelabs.com,5,Ripple
Ripple Labs,27622,ripplelabs.com,5,Ripple
Ripple Massage Beauty and Day Spa,10080423,ripplemassage.com.au,4,Ripple
Ripplepay.com,10698312,ripplepay.com,4,Ripple
Ripple Technologies,21856,rippletech.com,4,Ripple
Ripplex,2769,ripplex.com,4,Ripple
Ripplewerkz,10069075,ripplewerkz.com,4,Ripple
Ripple Charts,242079,ripplecharts.com,4,Ripple
"Bright Ideas in Broad Ripple, Inc.",10130060,bright-ideas.org,4,Ripple
Ripple Platform,98224,rippleplatform.com,3,Ripple
Deep Ripples,82244,deepripples.com,3,Ripple
Desiging Ripple Effects / Ripple Kindness Project,10698560,rippleeffects.com.au,3,Ripple
Ripple Effect Communications,10253429,recommunication.com,3,Ripple
Ripple Concerts,219471,rippleconcerts.com,3,Ripple
Ripple Effect Program,10188949,rippleeffectprogram.org,2,Ripple
"Ripple6, Inc.",8291,ripple6.com,2,Ripple
Broad Ripple Gazette,10441406,broadripplegazette.com,2,Ripple
RippleWeb,236924,rippleweb.com,2,Ripple
Ripple TV,24952,ripple.tv,2,Ripple
The Ripple - The World's Only Detachable Bowl and Plate,259076,thefirstripple.com,2,Ripple
The Ripples Group,10219578,ripplesgroup.com,2,Ripple
Rippleffekt,129098,rippleffekt.com,2,Ripple
Ripple Brand Collective,248347,ripplebrands.com,2,Ripple
Ripple Sports,134080,ripplesports.com,2,Ripple
Ripplemakerstv.com,10679271,layaco.com,1,Ripple
Ripples Business Development,10454643,ripplesbusiness.com,1,Ripple
Broad Ripple Party Bus,10145516,broadripplepartybus.com,1,Ripple
Studio Ripple,10159764,studioripple.com.au,1,Ripple
Rippleseed,10443904,rippleseed.com,1,Ripple
Ripple,233133,ripplechat.io,0,Ripple
RippleAway,178943,rippleaway.com,0,Ripple
Invest Ripple,214904,investripple.com,0,Ripple
Ripple Music,188720,ripplemusic.com,0,Ripple
ripple turkey,162195,rippleturkey.com,0,Ripple
Ripple News,229357,ripple-news.com,0,Ripple
Rippletone,10106480,rippletone.com.au,0,Ripple
Ripple-it.com,10112520,ripple-it.com,0,Ripple
Ripple Digital Marketing,10165739,rippledm.com,0,Ripple
ripple (e-AD Solutions),10164596,rippleindia.com,0,Ripple
Employee Ripple,277880,employeeripple.com,0,Ripple
Ripple,269864,tryripple.com,0,Ripple
ripplefire.com,10022178,ripplefire.com,0,Ripple
RippleWave,28358,ripplewave.net,0,Ripple
Ripple Group Ltd,10420337,ripple.co.uk,0,Ripple
RippleFunction,46332,ripplefunction.com,0,Ripple
Ripple Commerce,162583,ripplecommerce.com,0,Ripple
Rippleshot,233808,rippleshot.com,0,Ripple
Rippleshot,10644503, rippleshot.com,0,Ripple
RippleFX,10381860,ripplefxinc.com,0,Ripple
451 Research,189406,451research.com,6,451 Research
Billtrust,35709,billtrust.com,4,Billtrust
Blockchain,132318,blockchain.info,6,Blockchain
Blockchain,10000090,blockchain.com,6,Blockchain
BRODO - Blockchain all the Things,11234189,chrisderose.com,3,Blockchain
Blockchain Bio,10927000,btc-b.io,0,Blockchain
Blockchain Factory,10906292,blockchainfactory.com,0,Blockchain
Blockchain Tech,11015132,blockchaintechltd.com,0,Blockchain
DigixGlobal,11015675,dgx.io     blockchainsolutions.io,0,Blockchain
Block Chain Technologies,11012507,blockchaintechcorp.com,0,Blockchain
blockchainu.co,10933520,blockchainu.co,0,Blockchain
Blockchain Innovation Group,10994555,blockchaininnovationgroup.com,0,Blockchain
Blockchain Technology Group,299939,blocktech.com,0,Blockchain
Block Chain Space,11159323,blockchain.space,0,Blockchain
blockchainMe,11082975,blockchainme.com,0,Blockchain
Cambridge Blockchain,11094040,cambridge-blockchain.com,0,Blockchain
Blockchain Academy,11102684,block.academy,0,Blockchain
Blockchain News,11220984,the-blockchain.com,0,Blockchain
TS Blockchain Marketing,11221244,tonysakich.com,0,Blockchain
Blockchain Clearing Corporation,11240503,blockchainclearing.com,0,Blockchain
Blockchain Partners,20795,blockchain.capital,0,Blockchain
Blockchain Innovation Labs,11242120,thebcilabs.com,0,Blockchain
Blockchain Capital,11251497,blockchaincapital.com,0,Blockchain
Curalate,88204,curalate.com,6,Curalate
DeviceFidelity,81366,devicefidelity.com,0,DeviceFidelity
EyeVerify,88946,eyeverify.com,5,EyeVerify
FieldLens,98556,fieldlens.com,5,FieldLens
Flip.to,10585162,flip.to,3,Flip.to
"Flip 52 - playing cards with ""get to know you"" question",259225,tylershearer.com,2,Flip.to
FreshOffice,11049278,freshoffice.sg,0,FreshOffice
Arkon Zrt.,11041481,koponyeg.hu,6,Kopo Kopo
Kopo Kopo,118558,kopokopo.com,5,Kopo Kopo
KoPoint,136849,kopoint.com,4,Kopo Kopo
koposbaker.com,11206671,koposbaker.com,1,Kopo Kopo
[kopo] tama,10223858,kopotama.com,0,Kopo Kopo
KO Power,11082669,kopower.co.uk,0,Kopo Kopo
Embotelladoras Coca-Cola Polar S.A.,10327208,kopolar.cl,0,Kopo Kopo
oneidanation.org,11134106,oneidanation.org,6,oneID
oneidadispatch.com,11197297,oneidadispatch.com,5,oneID
Thornberry Creek at Oneida,10372882,golfthornberry.com,5,oneID
"Oneida Nation Enterprises, LLC.",11034549,turningstone.com,5,oneID
oneida.com,10664330,oneida.com,4,oneID
OneID,83354,oneid.com,4,oneID
Oneida Financial Corp.,10385989,oneidabank.com,3,oneID
oneidacommunications.com,11212586,oneidacommunications.com,2,oneID
oneidafinancial.com,292610,oneidafinancial.com,2,oneID
Law Office of Scott Bielicki,10573129,oneidalaw.com,1,oneID
Oneida Solutions Group,10869345,oneidasolutions.com,1,oneID
Oneida Indian Nation,10234214,oneida-nation.org,0,oneID
Oneida County,10456407,co.oneida.wi.us,0,oneID
Shopline,264083,shoplineapp.com,0,Shopline
LINEUP,192966,shoplineup.com,0,Shopline
Evangel,11087918,evangel.shoplineapp.com,0,Shopline
shopline.hk,11228394,shopline.hk,0,Shopline
Asset Control,153968,asset-control.com,4,Asset Control
Access Control Group,10344852,assetor.net,3,Asset Control
Asset Management Control Research Foundation,10362020,amccentre.nl,3,Asset Control
The Echo Nest,1987,the.echonest.com,7,Nest
Nesta Investment Management,27687,nestainvestments.org.uk,5,Nest
Nestle Health Science,25284,nestlehealthscience.com,5,Nest
Nestio,60848,nestio.com,5,Nest
N.E.S.T. Solutions,10204181,nest-solutions.com,4,Nest
Safe Nest TADC,10126745,safenest.org,4,Nest
Nest DC,10096448,nest-dc.com,4,Nest
NESTech,10040150,nestech.co.il,4,Nest
Ballooning Nest Eggs,82443,ballooningnesteggs.com,4,Nest
nestGSV,96350,nestgsv.com,4,Nest
Nest New York,10017647,nestnewyork.com,4,Nest
Vitaflo International Ltd Part of the Nestle Group,10193366,vitaflo.co.uk,4,Nest
Robins' Nest Inc.,10160660,robinsnestinc.org,4,Nest
NEST Fragrances,99064,nestfragrances.com,4,Nest
Falcons Nest,263480,falconsnest.in,3,Nest
Nestadio Capital,9162,nestadio-capital.com,3,Nest
Nest Investments,26203,nestco.org,3,Nest
NestingBits Technologies,205790,nestingbits.com,3,Nest
NeST Group,35949,nestgroup.net,3,Nest
nestholma.com,10029721,nestholma.com,3,Nest
Innovation Nest,11686,innovationnest.co,3,Nest
nest4less,252898,nest4less.com,2,Nest
White Nest LLC,10186062,whitenestshop.com,2,Nest
NATIONAL ENGINEERING SERVICES &TRADING CO,10170621,nest.ae,1,Nest
Nest International,174238,enternest.com,1,Nest
Nestus,294094,nestus.com,1,Nest
Nestdrop,285501,nestdrop.com,0,Nest
Airplant Nest,254965,opusgarten.com,0,Nest
Nestful,271217,nestful.com,0,Nest
NEST Investments,276281,nest.vc,0,Nest
Nestify,246790,nestify.io,0,Nest
SW Sports Nest,10182932,swsportsnest.com,0,Nest
Nestible,269488,nestible.com,0,Nest
NEST CGF,10194236,nest.com.co,0,Nest
DLA Piper NEST,269414,dlapipernest.com,0,Nest
Cuckoo Nest Films LLC,10193787,pondfilms.com,0,Nest
Nest Labs Ltd,269377,thenest.io,0,Nest
nesteggbio.com,10149410,nesteggbio.com,0,Nest
NEST HK,27653,nest.vc,0,Nest
IT Nestori,10141923,nestori.fi,0,Nest
Nest Wealth,10936776,nestwealth.com,0,Nest
Nestwell Technologies,10088020,nestwelltech.com,0,Nest
Nestigator,10968256,nestigator.com,0,Nest
"Nest Environments, Inc.",10107497,nestenvironments.com,0,Nest
Nestpick,284642,nestpick.com,0,Nest
Nest Dynamiques SL,10083641,nextdynamiques.net,0,Nest
"Marianne Nestor Consulting, Inc",10064491,mariannenestorconsulting.com,0,Nest
My Nest Home,205760,mynesthome.com,0,Nest
NestAway,10927532,nestaway.com,0,Nest
Nest Labs,51236,nest.com,0,Nest
Booker,59652,booker.com,6,Booker
SpaBooker,14854,spa-booker.com,5,Booker
secure-booker.com,11202350,secure-booker.com,5,Booker
PT Booker Tate Indonesia,10988955,cbn.net.id,5,Booker
De Booker Agency,10160155,debooker.nl,3,Booker
Ground Booker,10606984,groundbooker.com,3,Booker
Site of Booker Guide,210107,guidebooker.com,3,Booker
Booker Promotions,10718382,bookerpromo.com,2,Booker
Bookerville,193836,bookerville.com,2,Booker
Bookerz Media Network,157713,bookerzmedia.com,2,Booker
Activity Bookers,17313,activitybookers.com,2,Booker
BookerMate,155429,bookermate.com,1,Booker
Booker T Brown Photography,10158268,bookertbrown.com,1,Booker
BookerLooker,146903,bookerlooker.com,1,Booker
"Bookert, White & Associates",10766878,bwassoc.com,0,Booker
Paul Booker,10397505,paulbooker.info,0,Booker
"Music Copyist, Music Librarian for Booker White at Walt Disney Studios",10633483,davewellsmusic.com,0,Booker
Booker Fleet Group,10584745,bookerfleet.com,0,Booker
Flex Booker,242818,flexbooker.com,0,Booker
Bookera,124248,bookera.com,0,Booker
Bookerie,134982,bookerie.com,0,Booker
Bookeriet I/S,10875457,bookeriet.dk,0,Booker
Hall Bookers UK,10921687,hallbookers.co.uk,0,Booker
Laura Booker,10058719,laurabooker.ca,0,Booker
Kennel Booker,11084660,kennelbooker.com,0,Booker
Bookerator,11077715,bookerator.com,0,Booker
The Event Bookers Limited,10056187,bookerevents.co.uk,0,Booker
bookersoftware.com,11249285,bookersoftware.com,0,Booker
Bombfell,88487,bombfell.com,4,Bombfell
Signpost,28806,signpost.com,5,Signpost
Signpost België BVBA,10816799,signpost.be,5,Signpost
Signpost Sound,10360107,signpostsound.co.za,2,Signpost
Signpost Digital,10863778,signpostdigital.com,1,Signpost
"Sign Postman, LLC",10479298,signpostman.com,0,Signpost
SIGNPOST STOCKPORT FOR CARERS,10451012,signpostforcarers.org.uk,0,Signpost
Signpost Consulting,10159571,signpostconsulting.biz,0,Signpost
SignPost Regulatory Ltd,10379954,sp-regs.co.uk,0,Signpost
ziggeo.com,10933656,ziggeo.com,5,Ziggeo
OnDeck,70232,ondeck.com,4,OnDeck
ondeckcapital.com,10386656,ondeckcapital.com,4,OnDeck
On Deck Sports,10572618,ondecksports.com,3,OnDeck
On Deck Mediation,10439501,ondeckmediation.com,1,OnDeck
On Deck Cruises and Tours,10301750,ondeckcruises.com,1,OnDeck
"On Deck NY, LLC",10697883,ondeckny.com,1,OnDeck
On Deck Productions,10441825,ondeckproductions.com,0,OnDeck
"On Deck, Inc.",10754154,ondeckinc.us,0,OnDeck
Moat,61444,moat.com,6,Moat
Get Moativated,10604187,moativated.net,2,Moat
A.C. Moate Industries,10761995,acmoate.com,1,Moat
Metcalf Moat IFA Limited,10752811,metcalfmoat.co.uk,1,Moat
Moates Auto Xchange,10324570,autoxchange.biz,0,Moat
Bug Moat Corporation,10655145,bug-moat.com,0,Moat
The Law Office of Dora D. Moats,10974678,moatslawfirm.com,0,Moat
CommonBond,105010,commonbond.co,5,Commonbond
commonbond.org,11109573,commonbond.org,5,Commonbond
commonbond.com,10916575,commonbond.com,3,Commonbond
Care.com,118314,care.com,6,Care.com
Innovative Trauma Care,105923,innovativetraumacare.com,5,Care.com
CareGuide,128949,careguide.com,5,Care.com
CareLinx,131553,carelinx.com,5,Care.com
Carestream Health,53790,carestream.com,5,Care.com
CareCloud,126447,carecloud.com,5,Care.com
careland.com.cn,307757,careland.com.cn,5,Care.com
Advocate Health Care,194235,advocatehealth.com,5,Care.com
Care Team Connect,145732,careteamconnect.com,4,Care.com
Surgical Care Affiliates,190672,scasurgery.com,4,Care.com
Heartland Dental Care,174663,heartlanddentalcare.com,4,Care.com
Tandem Diabetes Care,31328,tandemdiabetes.com,4,Care.com
CareinSync,89863,careinsync.com,4,Care.com
Careport,118278,careporthealth.com,4,Care.com
Q Care International,186091,qcareintl.com,4,Care.com
B2X Care Solutions,216920,b2x.com,4,Care.com
carepayment.com,309421,carepayment.com,4,Care.com
Careem,186315,careem.com,4,Care.com
Carezone.com,81726,carezone.com,4,Care.com
Senior Care Centers,185221,seniorcarecentersltc.com,4,Care.com
Advanced ICU Care,30602,icumedicine.com,4,Care.com
Caremerge,96903,caremerge.com,4,Care.com
care-one.com,10018169,care-one.com,4,Care.com
anci-care.com,282495,anci-care.com,3,Care.com
Novia CareClinics,175567,noviacareclinics.com,3,Care.com
CarePoint Partners,55885,carepointpartners.com,3,Care.com
CareKinesis,48461,carekinesis.com,3,Care.com
CareFamily,185888,carefamily.com,3,Care.com
Wound Care Technologies,153789,dermaclose.com,3,Care.com
Comprehensive Care,192421,compcare.com,3,Care.com
CareDox,64350,caredox.com,3,Care.com
Carena,91744,carenamd.com,3,Care.com
Global Care Quest,37149,globalcarequest.com,3,Care.com
HEALTH CARE DATAWORKS,151534,hcdataworks.com,3,Care.com
CareView Communications,62720,care-view.com,3,Care.com
CareSync,148115,caresync.com,2,Care.com
ESCO Technologies,227681,careconnectbyesco.com,2,Care.com
CellCeuticals Skin Care,216929,cellceuticalskincare.com,2,Care.com
CareLuLu,180315,carelulu.com,2,Care.com
Onsite Care,154194,onsitecareclinics.com,2,Care.com
Diabetes Care Group,172698,diabetescaregrp.com,2,Care.com
WellNow Urgent Care,81741,wellnowuc.com,1,Care.com
CareCam Health Systems,195173,carecamhealthsystems.com,0,Care.com
"CareDx, Inc",303266,caredxinc.com,0,Care.com
Careerminds Group,46265,careerminds.com,0,Care.com
"Care Labs, Inc.",10461190,carelabs.com,0,Care.com
CareCam Innovations,87659,carecaminnovations.com,0,Care.com
Aged Care Reviews (ACR),10949404,agedcarereviews.com.au,0,Care.com
Brazen Careerist,18308,brazen.com,0,Care.com
Fidelity Care Home Health,10210860,fidelitycarehh.com,0,Care.com
Facebook,163595,facebook.com,9,Facebook
Facebook,13745,facebook.com,9,Facebook
FacebookMarketing.de,23120,facebookmarketing.de,5,Facebook
Facebook Mood Manipulator,314506,lauren-mccarthy.com,5,Facebook
FacebookPro,10865832,facebookpro.nl,4,Facebook
Trustship and Facebook Templates,41976,facebook-templates.net,4,Facebook
VendorShop,61401,facebookvendor.com,4,Facebook
"The Facebook Era: Tapping Online Social Networks to Build Better Products, Reach New Audiences, and",10708401,thefacebookera.com,4,Facebook
Exodus3000 Renovation and Facebook conversion,262578,totalbeverage.net,3,Facebook
album for facebook.,231777,i-c-soft.com,3,Facebook
FB Limiter,61968,facebooklimiter.com,3,Facebook
Facebookster,7729,facebookster.com,3,Facebook
Tweet Blender for Facebook,260559,kirill-novitchenko.com,3,Facebook
Facebook Genie,21208,facebookgenie.com,2,Facebook
Aplikacja Konkursowa Na Facebooka,199779,aplikacja-konkursowa.pl,2,Facebook
FaceBook Guide,10723202,facebookguide.net,2,Facebook
fforward.co - Facebook Analysis,113808,fforward.co,2,Facebook
Wild Frontiers is a Facebook connected and mobile game,261221,brrappgames.com,1,Facebook
FacebookLicious!,19919,facebooklicious.com,1,Facebook
Guild Masters - A true Social RPG game on Facebook,258796,otherwind.com,1,Facebook
Facebook Marketing At Its Best,76200,fbmarketingtoday.com,1,Facebook
The Site Canvas,119957,facebook.thesitecanvas.com,0,Facebook
Facebook Templates,77372,fanpagetemplates.org,0,Facebook
FaceBook Shout!,141527,facebookshout.com,0,Facebook
picture and flavor,10135625,pictureandflavou.facebook,0,Facebook
Facebook Actors,138328,facebookactors.com,0,Facebook
FBMMO,10127327,facebookmmo.com,0,Facebook
Facebook Search,51075,fbsearch.us,0,Facebook
Shobii Smart Frame: Private photo network + Facebook/Fl,261659,fusion-room.com,0,Facebook
Facebook Social Chatroulette,38024,fbchatroulette.net,0,Facebook
Syndicate Conflict by Chimera :: Facebook / Social Game,261491,chimeracompany.com,0,Facebook
TOP FACEBOOK GIRLS,53721,top-facebook-girls.com,0,Facebook
do it right team excavation,244968,facebook. com,0,Facebook
facebookcoverpic.com,306282,facebookcoverpic.com,0,Facebook
FAH: Your Social Media Partner,10446069,facebookadhelp.com,0,Facebook
Facebookshelf,10628665,facebookshelf.com,0,Facebook
facebookfancy,10700604,facebookfancy.com,0,Facebook
Apartments on Facebook,10790741,apartmentsonfacebook.com,0,Facebook
Facebook Marketing Gold,10763007,fbmarketinggold.com,0,Facebook
Facebook Cleanser,10035136,likecleanse.com,0,Facebook
Solemn Prophecy on Facebook,261037,fullofwingames.com,0,Facebook
SuzyShuzenStarz,10640951,suzyshuze.com www.facebook.com,0,Facebook
FanchersStreetEdge,10641080,thestreetedge.com www.facebook.com,0,Facebook
Rocon Communications page on Facebook,10716834,rocon.ca,0,Facebook
FieldsOfAmber.Org (on Facebook),10849122,barbarabenedict.com,0,Facebook
Be facebook King,10851862,befacebookking.com,0,Facebook
new Facebook management company,10834264,thesocialengagement.com,0,Facebook
U Buy facebook Likes,10903056,ubuyfacebooklikes.co.uk,0,Facebook
Chris Kelly (Former Facebook CPO),24735,"",0,Facebook
FaceBooking.org,10894213,facebooking.org,0,Facebook
Mastercard,12676,mastercard.com,7,MasterCard
The MasterCard Foundation,201098,mastercardfdn.org,7,MasterCard
mastercard.us,10648660,mastercard.us,6,MasterCard
MasterCard - United Kingdom,10951557,mastercard.co.uk,6,MasterCard
MasterCard,20615,newsroom.mastercard.com,6,MasterCard
mastercard.com.au,11193422,mastercard.com.au,6,MasterCard
mastercardadvisors.com,10648661,mastercardadvisors.com,5,MasterCard
Mastercard Türkiye,11063281,mastercard.com.tr,5,MasterCard
Wincor Nixdorf s.r.o.,11098474,mastercardmobile.cz,4,MasterCard
MasterCard Start Path,274954,startpath.com,2,MasterCard
MasterCard Center,10735820,wukesongarena.com,2,MasterCard
DB Prepaid MasterCard,10587409,dbcardservice.com,1,MasterCard
Free Shipping by Mastercard,269890,freeshippingbymastercard.com,0,MasterCard
MasterCard Start Path Accelerator,22856,"",0,MasterCard
Mastercard 24/7 - Geschäftsleitung,10113878,oim-service.de,0,MasterCard
Chapulin™ Prepaid MasterCard®,223613,michapulin.com,0,MasterCard
fit-pay.com,10648596,fit-pay.com,0,Fit Pay
Anytime Fitness Toa Payoh,11043569,anytimefitness.sg,0,Fit Pay
GoodLabs,178416,goodlabs.io,4,GoodLabs
PayPal,124397,paypal.com,8,PayPal
paypal.ca,253946,paypal.ca,7,PayPal
paypal-media.com,10940550,paypal-media.com,7,PayPal
paypal-community.com,11198141,paypal-community.com,6,PayPal
paypal-cash.com,11198140,paypal-cash.com,5,PayPal
advertising.paypal.com,10802724,advertising.paypal.com,5,PayPal
paypal-prepaid.com,11198145,paypal-prepaid.com,4,PayPal
PayPal - Russia,11064000,paypal.ru,4,PayPal
PayPal,13786,paypalsucks.com,4,PayPal
PayPal Start Tank,181032,starttank.com,2,PayPal
paypal-survey.com,11198147,paypal-survey.com,1,PayPal
paypalvcc,253945,paypalvcc.com,1,PayPal
paypal-activate.com,11198139,paypal-activate.com,0,PayPal
PayPal Invoicing,11063537,paypal-corp.com,0,PayPal
blueprint.paypal.com,10693693,blueprint.paypal.com,0,PayPal
paypal-customerfeedback.com,11198142,paypal-customerfeedback.com,0,PayPal
paypal-gifts.com,11198143,paypal-gifts.com,0,PayPal
paypal-marketing.com,11198144,paypal-marketing.com,0,PayPal
Pay Palace Inc (Payroll and Tax Service),10140610,paypalaceinc.com,0,PayPal
paypal-promo.com,11198146,paypal-promo.com,0,PayPal
Beasts & Blades - an epic 3D Turn based RPG.(Paypal Ena,260785,seattletek.com,0,PayPal
paypalcredit.com,11198148,paypalcredit.com,0,PayPal
paypalobjects.com,11198149,paypalobjects.com,0,PayPal
Paypal tech support number,11252007,paypalcustomersupportnumber.com,0,PayPal
AGP Metro Polska,10236443,agpmetro.com,3,METRO AG
Metropolitan Development and Housing Agency,10571058,nashville-mdha.org,3,METRO AG
Metro Title Agency of Arizona,10151620,metrotitleaz.com,2,METRO AG
Metro Interactive Agency,10490812,metrointeractiveagency.com,2,METRO AG
Metro Group (AG),10554754,metro-mga.de,2,METRO AG
"Metro Allied Insurance Agency Texas, LLC",11064058,metroallied.net,1,METRO AG
Metropolitan -Creative Agency-,10758706,metropolitan-agency.com,0,METRO AG
Empresa Pública Metropolitana de Agua Potable y Saneamiento de Quito,10119599,emaapq.gov.ec,0,METRO AG
"Metropolitan Protective Agency, LLC",10487196,metropatrol911.org,0,METRO AG
Metro - Montagens Industriais e Agrícolas,10819954,metroedra.com.br,0,METRO AG
Metronome Agency,10213947,gandc.com.au,0,METRO AG
Time Inc.,234115,time.com,8,Time Inc.
Time Inc.,28326,timeinc.com,6,Time Inc.
"Realty Times, Inc",10237609,realtytimes.com,5,Time Inc.
"On Time Technology Solutions, Inc",10678068,borgerhasslefreeit.com,4,Time Inc.
Digital Time Capture Inc.,52440,digitaltimecapture.com,4,Time Inc.
"Electric Time Company, Inc.",10361626,electrictime.com,4,Time Inc.
Hockey Time Productions INC.,10642339,itshockeytime.com,4,Time Inc.
"Storyboard Media, Inc. dba Waterfront Times",10400428,waterfronttimes.com,4,Time Inc.
"Real-Time Analyzers, Inc.",10305273,rta.biz,4,Time Inc.
"Time Dollar Youth Court, Inc.",10205663,tdyc.org,4,Time Inc.
Timelines Industries Inc,10455493,time-lines.com,3,Time Inc.
"Party Time, Inc.",206913,partytimebr.com,3,Time Inc.
"Shared Time Human Resources Management, Inc  (STHRM, Inc.)",10427492,sthrm.com,3,Time Inc.
"Carnival Times, Inc.",10635997,carnivaltimes.com,3,Time Inc.
"ADR Times, Inc.",10428124,adrtimes.com,3,Time Inc.
Timewise Event Management Inc.,10428718,timewiseevents.com,3,Time Inc.
"Leisure Time Unlimited, Inc.",10225501,leisuretimeunlimited.com,3,Time Inc.
"2 Places At 1 Time, Inc",10063212,2places.com,3,Time Inc.
Bible Study Time Inc.,10165036,timeforhope.com,3,Time Inc.
"Precise Time & Frequency, Inc.",10256556,ptfinc.com,3,Time Inc.
Timeshare Travel & Associates Inc.,10658851,timesharetravel.com,3,Time Inc.
"Time Now, Inc.",10697796,invisibleclock.com,3,Time Inc.
"Real Time Automation, Inc",10370837,rtaautomation.com,3,Time Inc.
"Little Wonders...a time to inspire, inc.",10403376,littlewonders.ca,2,Time Inc.
"Time Capsule, Inc",10409647,tcapsule.com,2,Time Inc.
"Nap Time Startups, Inc.",214280,naptimestartups.com,2,Time Inc.
"Etched In Time, Inc",10348136,etchedintimeinc.com,2,Time Inc.
"Timeware, Inc.",10380175,timewareinc.com,2,Time Inc.
"Happy Times For Kids, Inc.",10415474,happytimesforkids.com,2,Time Inc.
Tropic Times Inc.,10359397,tropictimes.com,2,Time Inc.
Timeline Interactive Inc.,10149992,timelineinteractive.com,2,Time Inc.
Tic-n-Time Inc,10191930,ticntime.com,1,Time Inc.
"Time Realty Service, Inc.",10306863,time-realty.com,1,Time Inc.
Time Management Inc.,10519332,venturegps.com,1,Time Inc.
Vita Com Inc.,10422991,time4more.com,0,Time Inc.
"Real Time Resolutions, Inc.",10414379,rtresolutions.com,0,Time Inc.
On Time Engineering Inc.,10669050,ontimeengineering.com,0,Time Inc.
"Video Times, Inc.",10672675,sofitechpeople.com,0,Time Inc.
Jump Time Inc,10445456,jump-time.com,0,Time Inc.
"On Time Electric, Inc.",10241428,ontimeelectric.net,0,Time Inc.
Run Time Inc,10219849,runtime-na.com,0,Time Inc.
TimePeace Inc.,10109684,timepeace.ca,0,Time Inc.
Synapse Group Inc. a Time Inc. Company,10166807,synapsemail.com,0,Time Inc.
TimePlace Inc.,277928,timeplace.com,0,Time Inc.
"Time2Ball, Inc.",10357071,time2ball.com,0,Time Inc.
TimePlace Inc.,276229,timeplace.com (in development),0,Time Inc.
Innovative Time Solutions Inc.,273798,calemazoo.com,0,Time Inc.
"Shining Example, Inc.",10526219,time2shine.org,0,Time Inc.
Global Time Creation inc.,10057238,globaltimecreation.com,0,Time Inc.
TED INC,10551506,real-time-solutions.biz,0,Time Inc.
Insight Venture Partners,57,insightpartners.com,6,Insight Venture Partners
Advance Vixeid Partners (AVP),27899,avpgrowth.com,0,Advance Vixeid Partners
Wellsbi,11076003,wellsbi.com,0,Wellsbi
stripes.com,10886432,stripes.com,7,Stripe
Stripe,59884,stripe.com,6,Stripe
Striped,10921429,stripers247.com,4,Stripe
Payment for Stripe,10911352,paidhq.com,4,Stripe
Pay Pad for Stripe,134480,pay-pad.com,4,Stripe
"Right Stripe Media,LLC",10855840,theangelmovie.com,3,Stripe
Fiks:Reflective Rim Stripes for Bicycles,258764,ridewithfiks.com,3,Stripe
Stripes Clothing,272975,stripesclothing.com,3,Stripe
Stars and Stripes Marketing LLC,10176615,starsandstripesmkt.com,3,Stripe
Silver Stripe Software,136135,tourmyapp.com,3,Stripe
Stripes Solicitors,10873322,stripes.eu,3,Stripe
Stripes Group,333,stripesgroup.com,3,Stripe
stripedshirt,265060,stripedshirt.com,3,Stripe
Striped Shirt Media,10731376,stripedshirtmedia.com,3,Stripe
United Stripes,10256039,unitedstripes.nl,3,Stripe
Classic Stripes Private Limited,10489795,classicstripes.com,3,Stripe
Stripes39,219674,stripes39.com,3,Stripe
All About Seniors,10520480,stripedrock.org,2,Stripe
Wild Stripes® Base Layers,10781791,wildandstriped.com,2,Stripe
Dots & Stripes Design,10645315,dotsandstripesdesign.com,2,Stripe
Stripe-A-Zone,155720,stripe-a-zone.com,2,Stripe
Stripes 'n' Buttons,10686018,stripes-buttons.com,2,Stripe
Stars & Stripes Kids Activity Center,10845069,starsandstripeskids.com,2,Stripe
Stripe OLT Consulting Ltd,10186109,stripeconsulting.com,2,Stripe
Blue Stripe PR,10422679,bluestripepr.com,2,Stripe
Broad Stripe,21956,broadstripebutchers.co.uk,1,Stripe
Striped Aardvark,10147309,stripedaardvark.com,1,Stripe
SCS Worldwide,10214364,stripecourierservices.co.uk,1,Stripe
Wild Stripes Foundation,10305003,wildstripes.org,1,Stripe
Stripe by N,10333295,stripebyn.com,1,Stripe
Stripe Tech Custom & Performance,10740599,stripetech.com,1,Stripe
Motion Stripes,10569360,motion-stripes.pt,1,Stripe
D-Day Stars and Stripes Newspaper,10770840,nltm.us,1,Stripe
Chip-n-Stripe Project,10623487,chip-n-stripe.com,0,Stripe
Stripe Media,10759650,stripemedia.co.uk,0,Stripe
Stripe Entertainment Group,10796684,stripeentertainmentgroup.com,0,Stripe
I-CUBE WEST AFRICA. A MEMBER OF STRIDES AND STRIPES GROUP,10074693,stridesandstripes.com,0,Stripe
87 Stripes,10200454,87stripes.com,0,Stripe
Classic Stripes Limited,10221988,astarc.com,0,Stripe
Striped urchin,10109180,urchin.com.ua,0,Stripe
Thirteen Stripes Web Enterprise LLC,138005,13swe.com,0,Stripe
Stars N Stripes Taxi & Limo Inc,10138669,starsnstripestaxi.com,0,Stripe
Red Stripe Photography,10196000,redstripephotography.co.uk,0,Stripe
Solar Stripes Inc.,10905023,solarstripes.com,0,Stripe
The Light Stripe,275144,thelightstripe.com,0,Stripe
stripe4.co,317309,stripe4.co,0,Stripe
Striped Sail,189305,stripedsail.com,0,Stripe
Stars & Stripes & Spokes™,10871394,stars-stripes-spokes.com,0,Stripe
The-ZigZag-Stripe,11035334,zigzagstripe.com,0,Stripe
Paid for Stripe,11048095,paymentforstripe.com,0,Stripe
nytm.org,244112,nytm.org,6,NYTM
nytm.com,10880768,nytm.com,3,NYTM
NY Travel & Marketing Consultancy,10211076,nytmco.com,2,NYTM
Smart Signs Solutions,10074691,smartsigns.nl,5,SmartSign
SmartSignal,42871,smartsignal.com,4,SmartSign
SmartSignin,101676,smartsignin.com,4,SmartSign
smartsignout.com,257777,smartsignout.com,3,SmartSign
SmartSign.com,10048005,myparkingsign.com,3,SmartSign
SmartSign,82738,smartsign.com,3,SmartSign
Smart Signs and Graphics,11069483,smartsignsandgraphics.co.uk,2,SmartSign
Shapeways,5669,shapeways.com,6,Shapeways
Samsung Electronics Austria,11041842,samsung.at,6,Samsung Electronics
Samsung Electronics America,10523810,samsungamerica.com,3,Samsung Electronics
Pond5,6612,pond5.com,5,Pond5
General Assembly,61738,generalassemb.ly,6,General Assembly
Virginia General Assembly,11240027,virginiageneralassembly.gov,6,General Assembly
INFLATABLE GENERAL ASSEMBLY,259829,123occupy.com,0,General Assembly
"General Assembly, Inc.",10398437,gen-assembly.com,0,General Assembly
AdPay,37322,adpay.com,6,ADP
ADP,5382,adp.com,6,ADP
Asian Disaster Preparedness Center (ADPC),10056069,adpc.net,6,ADP
ad pepper media,43457,adpepper.com,5,ADP
ADP Advanced MD,196694,advancedmd.com,5,ADP
adperio.com,308587,adperio.com,5,ADP
Patients Canada,10111530,adppa.org,5,ADP
Dealer Services,269520,adpdsi.com,4,ADP
ADPS Ltd,10083611,adpsltd.com,4,ADP
adp Gauselmann,166806,gauselmann.com,4,ADP
ADPPOC,10041285,irshad.com,3,ADP
Adperium,24056,adperium.com,3,ADP
AdPro Change Systems Inc.,10066759,adpro.ca,3,ADP
Adproval,138455,adproval.com,3,ADP
AdProfit,134468,adprofit.se,3,ADP
Australian Direct Property Investments Association,10238679,adpia.com.au,3,ADP
ADPLUS IND,95246,adplus.co.id,3,ADP
Ad Pages DIRECT,10114842,adpages.com,3,ADP
AdPlann,191125,adplann.com,2,ADP
Adpoints,189581,adpoints.com,2,ADP
AdPushup,10469291,adpushup.com,2,ADP
AdPerk,55872,adperk.com,2,ADP
Adpersia,237252,adpersia.com,2,ADP
AdProof,136850,adproof.com,2,ADP
Adpressive,98425,adpressive.com,2,ADP
ADP Media Group,10154086,adpmediagroup.com,2,ADP
"ADPi, Corp",187316,adpi.biz,2,ADP
AdPlugg,217833,adplugg.com,2,ADP
Adphos UK Ltd,10198157,adphos.co.uk,2,ADP
A&D Property Services Inc.,10240077,adpropertyservices.com,2,ADP
Adprime Media,93455,adprimemedia.com,2,ADP
"ADPREVEN, S.L.",10058245,adpreven.com,1,ADP
AdPlacers,70490,adplacers.com,1,ADP
AdPalz,134130,adpalz.com,1,ADP
ADP-Vaillant,10189225,adp-vaillant.fr,1,ADP
Adventure Playground,105611,adplay.net.au,1,ADP
Advanced Digital Platform Technologies,10176293,adp-technologies.com,1,ADP
A.D. Pharmaceuticals,201572,adpharmaceuticals.net,1,ADP
Adaptive Digital Power,227748,adp-ic.com,0,ADP
ADPS - Automated Dynamic Pricing System,158972,adps.nl,0,ADP
adprox,178650,adprox.com,0,ADP
Ad Prophecy,132685,adprophecy.com,0,ADP
Adpark,214186,adpark.ie,0,ADP
AdPort™ Publishing,10087889,adportpublishing.com,0,ADP
AdPortal,42614,adportal.net,0,ADP
AdPharma Inc.,10123334,ad-pharma.com,0,ADP
adpop.us,243533,adpop.us,0,ADP
Adphorus,225495,adphorus.com,0,ADP
tv.adpost123.com,6661,tv.adpost123.com,0,ADP
AdPassage,8481,adpassage.com,0,ADP
Explore Schools Inc.,10903401,explorenetwork.org,4,Explore Schools
Bloomberg Law,11046696,bloomberglaw.com,8,Bloomberg
Bloomberg,5260,bloomberg.com,8,Bloomberg
bloombergmarkets.com,11002075,bloombergmarkets.com,8,Bloomberg
bloomberginstitute.com,11176660,bloomberginstitute.com,7,Bloomberg
Bloomberg Reserve,314488,bloombergbriefs.com,7,Bloomberg
Bloomberg Media,11068273,bloombergmedia.com,7,Bloomberg
Bloomberg Sports,11061511,bloombergsports.com,7,Bloomberg
bloomberg.org,11108423,bloomberg.org,6,Bloomberg
Bloomberg Beta,12361,bloombergbeta.com,5,Bloomberg
"Bloomberg, Fair Haven Inc., ABC, NBC, WPIX, MLB, Gospel Music Channel, BET, MTV, iStreamPlanet",10623696,fairhavenpictures.com,0,Bloomberg
Bloomberg Philanthropies,10475769,bloombergfoundation.org,0,Bloomberg
Bloomberg BusinessWeek Events,10700570,bwevents.com,0,Bloomberg
Bloomberg Real Estate Services,10410392,bloombergrealestateservices.com,0,Bloomberg
BloombergView,282791,bloombergview.com,0,Bloomberg
bloombergbusinessweekdesign.com,11176659,bloombergbusinessweekdesign.com,0,Bloomberg
bloomberglp.com,10880902,bloomberglp.com,0,Bloomberg
UnitedHealth Group,221240,unitedhealthgroup.com,7,UnitedHealth Group
Golden Foundation Group,10564537,unitedhealthawareness.org,0,UnitedHealth Group
Cross Commerce Media,54911,collectivei.com,5,Cross Commerce Media
Faire Collection,10658018,theandeancollection.com,4,Faire Collection
Nielsen Norman Group,158643,nngroup.com,7,Nielsen
The Nielsen Company,45070,nielsen.com,7,Nielsen
Nielsen,15085,nngroup.com,7,Nielsen
Nielsen-Kellerman,175541,nkhome.com,5,Nielsen
nielsenbuzzmetrics.com,10982494,nielsenbuzzmetrics.com,5,Nielsen
Nielsen Online,5057,nielsen-online.com,4,Nielsen
Louis Nielsen,10613330,louisnielsen.dk,4,Nielsen
cValue,265732,nielseninnovate.com,4,Nielsen
NetRatings,127879,nielsen-netratings.com,3,Nielsen
Erhvervspsykologerne Kit Sanne Nielsen ApS,10522422,erhpsyk.dk,3,Nielsen
Greenberg Nielsen,10615808,greenbergnielsen.nl,3,Nielsen
Peter Nielsen & Partners Law Office,10404462,pnplaw.pl,3,Nielsen
Century 21 Beachside,10201223,nielsenlabs.com,3,Nielsen
Nielsen Fitness Personal Training,10293785,nielsenfitness.com,3,Nielsen
"D. James Nielsen CPA, PC",10320995,djncpa.com,2,Nielsen
"Nielsen, Zehe and Antas P.C.",10225041,nzalaw.com,2,Nielsen
"Nielsen & Mukerji, LLP",10672577,nm-lawyers.com,2,Nielsen
Mærsk Nielsen HR,10643083,maersk-nielsen.dk,2,Nielsen
Anastasis,10325692,cv-nielsen.dk,2,Nielsen
Ricki Nielsen,10515664,nielsen.dk,2,Nielsen
The Nielsen Eye Center,10608248,golasik.net,2,Nielsen
Nielsen Steel Solutions,10471975,nielsensteel.eu,2,Nielsen
Nielsen IT Consulting Inc.,10793282,nielsenitconsulting.com,2,Nielsen
Paul Nielsen Business Interior Consultants Ltd.,10454376,pnielsenconsultants.com,1,Nielsen
"Carvajal & Nielsen, PC",10476721,cnpclaw.com,1,Nielsen
Lene Nielsen - User Focus & Innovation,10217899,lenenielsen.com,1,Nielsen
Nielsen Hosting,10330577,nielsenhosting.com,1,Nielsen
Nielsen Communications,10330328,nielsen.bz,1,Nielsen
DEHLER & NIELSEN ApS,10371332,dehler-nielsen.com,1,Nielsen
Ingeniørfirma Erik Nielsen A/S,10406146,en.dk,1,Nielsen
Nielsen Software Consulting,10129298,mbox302.tele2.se,0,Nielsen
"The Nielsen Law Firm, P.L.L.C.",10659625,theboobproject.com,0,Nielsen
Nielsen & Kilbourne LLC,10135135,nielsenk.com,0,Nielsen
R.W. Nielsen Company,10659479,rwnco.com,0,Nielsen
Pedersen & Nielsen - Volvo/Renault - Aalborg,10225428,knudsen.mail.dk,0,Nielsen
Nielsen & Co. ApS,10189988,nieco.dk,0,Nielsen
Nielsen Pakistan,10390107,marspk.com,0,Nielsen
nielsensocial.com,306254,nielsensocial.com,0,Nielsen
Ltz Nielsen Consulting,10515240,ltznielsen.com,0,Nielsen
Erik O. Nielsen A/S,10555994,rydeng.com,0,Nielsen
Bloch Nielsen,10553150,bloch-nielsen.dk,0,Nielsen
ABN Consulting,10440280,borgen-nielsen.dk,0,Nielsen
"Nielsen Enterprises LLC, d/b/a Designed To Sell, LLC",10535787,dtsell.com,0,Nielsen
Helle-Nielsen Ink Ltd,10538050,helle-nielsenink.com,0,Nielsen
Thomas Nielsen,27290,"",0,Nielsen
Rick Nielsen,17469,"",0,Nielsen
Nicolaj H. Nielsen,15893,"",0,Nielsen
Lars Nielsen,5356,discoverlars.wordpress.com,0,Nielsen
"Nielsen Global Enterprises, Inc.",10758655,rosamedicalsupply.com,0,Nielsen
NIELSEN INNOVATION,10331798,nielsen-innovation.com,0,Nielsen
ClassPass,253037,classpass.com,1,ClassPass
BJC Branding,10796389,bjcbranding.com,3,BJC Branding
Hack Pack,10994335,hackpack.press,0,Hack Pack
stensul,11149870,stensul.com,0,stensul
Eaton Corporation,49007,eaton.com,7,Eaton
East of Eaton,10191730,eastofeaton.com,6,Eaton
Eaton Vance Corp.,10249292,eatonvance.com,5,Eaton
corporate.eatonvance.com,312412,corporate.eatonvance.com,4,Eaton
eatoncounty.org,11154844,eatoncounty.org,4,Eaton
Dix & Eaton,11087178,dix-eaton.com,4,Eaton
"Community Mental Health Authority of Clinton, Eaton and Ingham Counties",10322408,ceicmh.org,4,Eaton
Eaton Arrowsmith School Victoria,10678032,eatonarrowsmithschool.com,4,Eaton
Eatoni Ergonomics,38433,eatoni.com,4,Eaton
Ashanti Eaton,10522803,ashantieaton.com,4,Eaton
Eaton Towers,10338268,eatontowers.com,3,Eaton
eaton.k12.co.us,11122402,eaton.k12.co.us,3,Eaton
"Yates, Matthews & Eaton, P.C.",10860084,yatesmatthews.com,3,Eaton
eatonassoc.com,11107883,eatonassoc.com,3,Eaton
Eaton Steel Bar Company,10316338,eatonsteel.com,3,Eaton
switchon.eaton.com,282656,switchon.eaton.com,3,Eaton
Eaton Rapids Medical Center,10436399,ermchealth.org,3,Eaton
eatonisd.org,11122403,eatonisd.org,3,Eaton
John Eaton Designs,10607305,johneatondesigns.com,2,Eaton
Eaton Metal Products Company,10086540,eatonmetal.com,2,Eaton
Pine Belt Chevrolet of Eatontown,10110598,pinebeltauto.com,2,Eaton
Eaton Art Gallery,10298830,eatonartgallery.com,2,Eaton
Eaton Insurance Agency,10319485,eatoninsurance.net,2,Eaton
Van Eaton & Romero Realtors,10147816,vaneatonromero.com,2,Eaton
Eaton Partners,10866507,eatonpartnersllc.com,2,Eaton
Eaton National Bank & Trust Co,211061,enbbank.com,2,Eaton
Eaton Sales LLC,10860305,eatonsales.com,2,Eaton
Eaton Financial Services,10550742,eatonfs.com,2,Eaton
eatoncompressor.com,10931779,eatoncompressor.com,2,Eaton
Eaton Insurance Services,10535395,eatoninsuranceservices.com,1,Eaton
The Law Office of Jacqueline M. Eaton,10518629,jmeatonlaw.com,1,Eaton
Eaton Gorge Theatre Company,10610335,egtc.com.au,1,Eaton
Eaton Medical,10616508,easyeyes.com,1,Eaton
Eaton Green Estate Agents,10308661,eatongreen.com,1,Eaton
Eaton Rapids Castings LLC,10348042,ercastings.com,1,Eaton
Eatonline,93187,eatonline.eu,1,Eaton
EATON Building Services,10080922,eatonbuildingservices.net,1,Eaton
CHURCH EATON INSURANCE,10821805,churcheaton.com,1,Eaton
eatontario,10244640,eatontario.ca,0,Eaton
Eaton Escrow,10809258,eatonescrow.com,0,Eaton
Eaton House Investments,10801021,eaton-house.com,0,Eaton
Eaton Pharmaceutical Resources,10585587,eatonpharmaresources.com,0,Eaton
EatOnGo.in,10898365,eatongo.in,0,Eaton
Lucy Eaton Corder Consulting,10526588,lucyeatoncorder.com,0,Eaton
"Eaton-Cambridge, Inc.",10637622,cambridgewm.com,0,Eaton
"Roy & Eaton, P.A.",10672192,royandeaton.com,0,Eaton
Eaton Financial & Tax PLLC,10445558,eatontax.com,0,Eaton
eatonomy,128261,eatonomy.com,0,Eaton
Rick Eaton,5447,"",0,Eaton
Eatonomist,11150962,eatonomist.com,0,Eaton
MBIA Inc.,220297,mbia.com,4,MBI Inc.
mbi-inc.com,11108566,mbi-inc.com,4,MBI Inc.
"MacArthur & Baker International, Inc.",10464853,mbicfs.com,3,MBI Inc.
"MBI Solutions, Inc.",10543900,mbi-solutions.com,2,MBI Inc.
MBI Inc.,10187882,osherl.com,1,MBI Inc.
MindSoft Bioware Incorporated,10874473,mbioware.com,0,MBI Inc.
Salesforce,24774,salesforce.com,7,salesforce.com
Salesforce Ventures,23525,salesforce.com,7,salesforce.com
salesforcemarketingcloud.com,11201817,salesforcemarketingcloud.com,6,salesforce.com
SalesForceXP,10808905,salesforcexp.com,5,salesforce.com
The SalesForce Group,10602398,thesalesforcegroup.com,4,salesforce.com
AppBuddy,10537830,salesforceappbuddy.com,3,salesforce.com
Sales Force Europe,81423,salesforceeurope.com,3,salesforce.com
SaaS Solutions - salesforce.com Certified Partner,10368989,mysalesforcecrm.com,1,salesforce.com
"SalesForce Recruiters, Inc.",10140170,salesforcerecruiters.com,0,salesforce.com
Sales Force Dynamics,10448144,salesforcedynamics.com,0,salesforce.com
Salesforce Assessments,60905,salesforceassessments.com,0,salesforce.com
SalesforceCAD,43239,salesforcecad.com,0,salesforce.com
Sales Force Safety Pty Ltd,10449740,salesforcesafety.com,0,salesforce.com
Salesforce Mentor,10765491,salesforcementor.com,0,salesforce.com
Sales Force Latianamerica Ltda.,10723349,salesforcela.com,0,salesforce.com
salesforceiq.com,11149414,salesforceiq.com,0,salesforce.com
Sales Force Recruitment,10335181,salesforcejobs.com.au,0,salesforce.com
MoveeCom Systems,10456252,moveecom.com,3,MOVE Systems
Movement Systems,10602218,movementsystems.org,0,MOVE Systems
CoreVYO Movement Systems,285152,corevyo.com,0,MOVE Systems
MOVE Systems,11073838,movesystems.com,0,MOVE Systems
AptAmigo,11149056,"www,aptamigo.com",0,AptAmigo
AptAmigo,11236830,aptamigo.com,0,AptAmigo
Agrilyst,11044008,agrilyst.com,0,Agrilyst
M.M. Lafleur,252590,mmlafleur.com,3,MM.LaFleur
Chromatik,71677,chromatik.com,4,Chromatik
Chromatik,10743881,chromatikmusic.com,0,Chromatik
CrowdStar,29693,crowdstar.com,5,Crowdstar
CrowdStarter,10124399,crowdstarter.com,3,Crowdstar
Crowdstart,11027922,crowdstart.com,0,Crowdstar
Dotsub,1713,dotsub.com,6,Dotsub.com
Firecracker Films,10147598,firecrackerfilms.com,4,Firecracker
Firecracker,132009,firecracker.me,4,Firecracker
Jozi Firecracker Factory,10350523,jozifirecrackerfactory.com,4,Firecracker
Texas Firecrackers,10691133,texasfirecrackers.com,1,Firecracker
Firecracker Software LLC,11030987,firecrackersw.com,1,Firecracker
Fluent City,10919340,fluentcity.com,4,Fluent City
Fueled,69592,fueled.com,6,Fueled
fueledbyramen.com,11185316,fueledbyramen.com,4,Fueled
Data Fueled,10159914,datafueled.com,3,Fueled
Fueled,136195,fueled.me,0,Fueled
Smashed Bros: The Beer Fueled Brawler,258887,hopeandmayhem.com,0,Fueled
Gameface Media,291487,gamefacemedia.com,0,Gameface Media
Goennounce,48973,goennounce.com,3,GoEnnounce.com
Intransa,21541,intransa.com,4,Intrans
intransol,10614168,intransol.com,2,Intrans
"Pessoal e Intransmissivel, Lda.",10765874,pessoaleintransmissivel.pt,2,Intrans
inTransition Personal Recovery Assistantce,10250523,intransitionpra.com,0,Intrans
Kingdom Federal Credit Union,10411224,intransys.us,0,Intrans
Intrans,274387,intrans.com,0,Intrans
InTransit BC,10517391,intransitbc.ca,0,Intrans
Keaton Row,130472,keatonrow.com,4,Keaton Row
KISSmetrics,4993,kissmetrics.com,6,KISSmetrics
LeagueApps,178032,leagueapps.com,5,LeagueApps
Learnmetrics,101806,learnmetrics.com,3,Learnmetrics
Learnmetrics,10644454, learnmetrics.com,0,Learnmetrics
The Minerva Project,85024,minervaproject.com,6,Minerva Project
Panjo,109023,panjo.com,4,Panjo
Panjo Photography,10330366,panjophotography.com.au,0,Panjo
panjovia.com,10960609,panjovia.com,0,Panjo
Red Rover,61077,redroverhq.com,4,Red Rover
Red Rover Dog Walking Services,10633885,redroverseattle.com,3,Red Rover
Red Rover Pet Services LLC,10674336,redrovercomeover.com,2,Red Rover
Red Rover Media,10446962,redrovermedia.com,0,Red Rover
Red Rover Public Relations,10551006,redroverstyle.com,0,Red Rover
SeedInvest,89809,seedinvest.com,4,SeedInvest
SeedInvest,20037,seedinvest.com,4,SeedInvest
Fongit Seedinvest,25633,wpfsi.fongitseedinvest.com,4,SeedInvest
Seed Investment Consultants (Pty) Ltd,10964782,seedinvestments.co.za,1,SeedInvest
Simple Energy,53713,simpleenergy.com,5,Simple Energy
Racold Solar,10689138,simplex-energy.com,3,Simple Energy
"Simple Energy Consulting, LLC",10391763,simpleenergyconsulting.com,0,Simple Energy
Energy Simple,11216708,energysimple.com,0,Simple Energy
SmartAsset,93857,smartasset.com,4,SmartAsset.com
Business Startup Institute,10512575,businesses2learn.com,0,Startup Institute
STELLAService,31729,stellaservice.com,5,StellaService
STELLAService,31729,stellaservice.com,5,StellaService
StraighterLine,54621,straighterline.com,6,StraighterLine
THINX,10892476,shethinx.com,4,THINX
Thinxtream Technologies,10132330,thinxtream.com,4,THINX
Thinxtream Technologies,10132330,thinxtream.com,4,THINX
THINX,10892476,shethinx.com,4,THINX
Thinxworks,10112693,thinxworks.com,1,THINX
Thinxworks,10112693,thinxworks.com,1,THINX
ThinxNet,10996435,thinxnet.com,0,THINX
Thinxit,10267942,thinxit.com,0,THINX
Thinxit,10267942,thinxit.com,0,THINX
ThinxNet,10996435,thinxnet.com,0,THINX
TrackMaven,151795,trackmaven.com,4,TrackMaven
YouAppi,91951,youappi.com,3,youAPPi
Zady,114338,zady.com,6,Zady
Zady,114338,zady.com,6,ZADY
Zealot Networks,10015553,zealotnetworks.com,0,Zealot Networks
Zolanis,11082531,zolanis.com,5,Zola.com
Zola Books,149996,zolabooks.com,4,Zola.com
Zolar Technology & Mfg Co. Inc,151623,zolartek.com,3,Zola.com
Zola Fruits of the World,10702699,zolaacai.com,3,Zola.com
Zolaks,11062447,zolaks.com,3,Zola.com
Zola Distributing,10732871,zoladist.com,3,Zola.com
Zola,268185,wearzola.com,2,Zola.com
"ZOLAR Entertainment, LLC.",10926780,zolarentertainment.com,1,Zola.com
zolahost.com,11247185,zolahost.com,1,Zola.com
"Vip Dekorasyon, ?zolasyon ve Yal?t?m",11087832,vipdekorasyon.com,0,Zola.com
zolair-energy.com,10693688,zolair-energy.com,0,Zola.com
zolark.com,11145548,zolark.com,0,Zola.com
Zola,193753,zola.com,0,Zola.com
Direct Match Media,10629076,directmatchmedia.com,3,Direct Match
Direct Match,10895342,directmatchx.com,0,Direct Match
Direct Match,11019441,directmatch.com,0,Direct Match
Genentech,294716,gene.com,7,Genentech
genentech.com,281203,genentech.com,7,Genentech
HellermannTyton Nederland/België,10252620,hellermanntyton.nl,4,HellermannTyton
hellermanntyton.us,11221817,hellermanntyton.us,4,HellermannTyton
hellermanntyton.com,10984248,hellermanntyton.com,4,HellermannTyton
HellermannTyton France,10600709,hellermanntyton.fr,3,HellermannTyton
Ebo Worlwide GmbH,67884,eboworldwide.com,0,ebow
Intrinio,10922827,intrinio.com,0,Intrinio
HealPros,10349619,healpros.com,0,HealPros
The Business Backer,173622,businessbacker.com,1,The Business Backer
Great Ecology,174584,greatecology.com,4,Great Ecology
Maker Media,207636,makermedia.com,6,Maker Media
Web Media Makers,11046979,webmediamakers.com,3,Maker Media
Makery Media,10041228,makeryblog.com,2,Maker Media
Social Media Makers,10087842,socialmediamakers.com,2,Maker Media
Decision Maker Media,17256,decisionmakermedia.com,0,Maker Media
ZogSports,10296848,zogsports.org,4,ZogSports
The Zebra,218741,thezebra.com,0,The Zebra
CrowdComfort,220937,crowdcomfort.com,1,CrowdComfort
Planwise,62763,planwise.com,4,Planwise
3DPrinterOS,10899186,3dprinteros.com,0,3DPrinterOS
Kinvey,65389,kinvey.com,5,Kinvey
Ajax Union,77703,ajaxunion.com,5,Ajax Union
Dashbid,125471,dashbid.com,3,DashBid
BigRentz.com,224995,bigrentz.com,1,BigRentz.com
"Dance Notions, LLC",10774664,dancenotions.com,5,Notion
Notion Capital,3290,notioncapital.com,5,Notion
Curious Notions,10870880,curiousnotions.com,4,Notion
Counter Notions,11070338,counternotions.com,4,Notion
Notion Systems,114003,notion-systems.com,4,Notion
Notions Marketing,10514329,notionsmarketing.com,4,Notion
Notion Age Pte. Ltd.,17227,notionage.com,4,Notion
"Super Ubi Land (PC, Mac, Linux, Wii U)",256291,notiongames.com,4,Notion
Notion Music,58912,notionmusic.com,4,Notion
Music HQ Media / Notion Magazine,10834589,notionmag.com,4,Notion
Notion Ink Design Labs,32531,notionink.com,4,Notion
Idea Notion Development Inc.,241940,ideanotion.net,4,Notion
Magic Notion Ltd.,11037183,magicnotion.com,3,Notion
Visual Notion,10174870,visualnotion.com,3,Notion
NotionONE,10101603,notionone.com,3,Notion
"Sharp Notions, LLC",10786777,sharpnotions.com,3,Notion
Notion Potion Web Design,10455154,notionpotion.com,3,Notion
NotionPath,138818,notionpath.com,3,Notion
NOTIONGRAPHICS SRL,10284753,notiongraphics.com.ar,2,Notion
Mojo Notion Advanced Technology  Solutions,105506,mojonotion.com,2,Notion
Notion Design,10543230,notion-design.co.uk,2,Notion
FUTURE NOTION,81255,futurenotion.com,2,Notion
Alliance Making and Generate Intelligent Notion (AMGIN&Company),10758592,amgin.biz,2,Notion
Notion Technologies,103793,notiontechnologies.com,1,Notion
Creative Notions,10744305,embroiderysoftware.co.za,1,Notion
Semantic Notion,10548457,semanticnotion.com,1,Notion
Quiet Notion,152987,quietnotion.com,1,Notion
Wild Notion Labs,11036886,wildnotion.com,1,Notion
Notion Magazine,10075600,musichqmedia.com,1,Notion
Notion,214787,madebynotion.com,1,Notion
SSG Notion Stainless Steel and Glass Design,10647160,ssgnotion.com,1,Notion
Notion,10926653,getnotion.com,1,Notion
Notional Chemical And Dyes Company,203225,notionalchemicalanddyes.org,1,Notion
Notion Learning,35182,notionlearning.com,0,Notion
Public Notions,10510058,publicnotions.com,0,Notion
Agile Notion Limited,10534523,agilenotion.com,0,Notion
Notioncloud Ltd,10472902,notioncloud.com,0,Notion
Notion Dynamics,10301138,notiondynamics.com,0,Notion
Gift Notions,50500,giftnotions.com,0,Notion
Notion Press,107334,notionpress.com,0,Notion
NotionInMotion Inc.,227564,nimyum.com,0,Notion
Core Notions,10737850,corenotions.com,0,Notion
"Extreme Notions, LLC",10131115,extremenotions.com,0,Notion
Foggy Notions,10174504,foggy-notions.com,0,Notion
NotionTheory,10909313,notiontheory.com,0,Notion
Surreal Notions,14252,surrealnotions.com,0,Notion
Carving Notions Technologies,11084789,carvingnotions.com,0,Notion
Modern Notion,11068180,modernnotion.com,0,Notion
notion.is,10365339,notion.is,0,Notion
Solar Notion,24666,solarnotion.com,0,Notion
Lucid Imagination,124598,lucidimagination.com,7,Imagination
Imagination Technologies,18964,imgtec.com,6,Imagination
Imagination Plus,15890,imaginationplus.com,6,Imagination
Global Imagination,157542,globalimagination.com,5,Imagination
Imagination Computer Services GmbH,10131920,imagination.at,5,Imagination
"In Its Image, Inc.",10073486,imagination-engines.com,5,Imagination
"Imagination Station, Toledo's Science Center",10043010,imaginationstationtoledo.org,4,Imagination
Comma Imagination,10423149,comma.ca,4,Imagination
Imagination for People,157840,imaginationforpeople.org,4,Imagination
Imagination Club,10653786,imaginationclub.org,4,Imagination
The Imagination Station at Roosevelt Park,10163229,facethestation.com,4,Imagination
"UTOPIAfest - The Tel-Aviv International Festival for Science-Fiction, Imagination and the Future",10139354,icon.org.il,4,Imagination
For Your Imagination,8640,foryourimagination.com,4,Imagination
Imagination Technologies/FRS,174444,frssoftware.com,4,Imagination
"Pure Imagination, Inc.",132694,purei.com,4,Imagination
Imagination,174770,imaginepub.com,4,Imagination
PAPER PUNK - paper building blocks for your imagination,255547,paperpunk.com,3,Imagination
Geared For Imagination,237469,gearedforimagination.com,3,Imagination
NEW HOLHO: The Easiest and Coolest way to make HOLHO-gr,262669,imaginationfarmusa.com,3,Imagination
Imagination Exchange,10464132,imaginationexchange.com,3,Imagination
The (Re)Imagination Group,10103820,reimaginationgroup.com,2,Imagination
The Imagination Workshop Ltd,10175635,theimaginationworkshop.co.uk,2,Imagination
Beyond Imagination Entertainment,10638140,bie.com.au,2,Imagination
Imagination Lab,10242069,imaginationlab.nl,2,Imagination
Imagination Factory,10244420,imagination-factory.org,2,Imagination
Sheer Imagination LLC,10099602,sheercorp.com,1,Imagination
Digital imagination,10232165,labnium.org,1,Imagination
Talent Managers Association,10684583,imagination9.com,1,Imagination
Mary's Imagination,10104535,marysimagination.com,1,Imagination
Imagination - Image Consultancy,10398577,imaginationonline.info,1,Imagination
"Imagination, Ink.",10389943,imaginationink.com,1,Imagination
Imagination Print & Design,10144556,imaginationprintanddesign.com,1,Imagination
Imagination Planet,10052667,imagination-planet.com,0,Imagination
Northern Imagination LLC,144286,northernimaginatiion.com,0,Imagination
Imagination Works,269180,imaginationworksla.com,0,Imagination
Bionic Fighters- Super Smash Bros Style Combat,261286,imaginationvent.com,0,Imagination
D SOFTDESIGN - web & imagination,10122321,dsoftdesign.com.br,0,Imagination
Imagination Apps,215228,imagination-apps.com,0,Imagination
Perfect Imagination,136963,perfect.vc,0,Imagination
Aagney Consulting LLC (Imagination through Execution),10417590,aagney.com,0,Imagination
Imagination Research Labs,234519,imaginationresearchlabs.com,0,Imagination
IMAGINATION Studios & Publicity Group,10098881,imaginationoakland.com,0,Imagination
"Imagination At Work, Inc.",10652494,imaginationatwork.us,0,Imagination
Imagination Photo Services,10203760,carmencuisineandtravel.com,0,Imagination
AIGA Saint Louis,10700241,imaginationapplies.com,0,Imagination
Poire Image & Imaginations,10375264,poire.nl,0,Imagination
Horrizona Imaginations,10306098,horrizona.com,0,Imagination
IMAGINATION DESIGN DESIGN STUDIO,10380602,imaginationdesign.net,0,Imagination
ImaginationHaus,10339939,imaginationhaus.com,0,Imagination
Imagination Station,10308985,imaginationstation.co.za,0,Imagination
Skanska,11065640,skanska.com,6,Skanska
Skånska Byggvaror,11226648,skanskabyggvaror.se,3,Skanska
Skanska Balfour Beatty Joint Venture,10081171,sbbjv.co.uk,0,Skanska
Truveris,56837,truveris.com,5,Truveris
Everyday Health,154873,everydayhealth.com,7,Everyday Health
Everyday Health,10904343,awards.digitalhealthsummit.com,0,Everyday Health
BuzzFeed,1003,buzzfeed.com,8,BuzzFeed
Sandag,187438,sandag.org,6,SANDAG
Lund Elmer Sandager,10305445,lundelmersandager.dk,5,SANDAG
The Sandage Law Firm,10569713,sandagelaw.com,3,SANDAG
Sandager Golfklub,10743951,sandager-golfklub.dk,1,SANDAG
Barclays Capital,295044,barcap.com,6,Barclays Capital
Thomson Reuters,6799,thomsonreuters.com,8,Thomson Reuters
Thomson Reuters,22107,thomsonreuters.com,8,Thomson Reuters
WeComply-Thomson Reuters,10269584,wecomply.com,5,Thomson Reuters
Domínio Sistemas - Now part of Thomson Reuters,10727544,dominiosistemas.com.br,3,Thomson Reuters
Ably AS a Thomson Reuters Company,10497376,ably.no,0,Thomson Reuters
Thomson Reuters,10942768,thompsonreuters.com,0,Thomson Reuters
Amazon,123197,amazon.com,8,Amazon.com
GamerDeal.TV,11049496,amazonaws.com,8,Amazon.com
paula frassinetti mattos advogados,10290628,amazon.com.br,8,Amazon.com
Amazon,13522,amazon.com,8,Amazon.com
AmazonSupply,282746,amazonsupply.com,8,Amazon.com
Amazon Fresh,283784,fresh.amazon.com,8,Amazon.com
Banco da Amazônia S/A,10326252,bancoamazonia.com.br,7,Amazon.com
Rede Amazônica,10284672,redeamazonica.com.br,5,Amazon.com
BS Informatica LTDA / Banco da Amazonia  (Cobra Tecnologia),10227751,cobra.com.br,4,Amazon.com
Amazon Music,10127624,a2z.com,4,Amazon.com
Grupo Amazónia Hotéis,10201787,amazoniahoteis.com,4,Amazon.com
Amazon Print,10249527,amazonprint.com.br,3,Amazon.com
Amazon Filler Item Finder,32093,filleritemfinder.com,3,Amazon.com
Amazon-Dreams-2,195466,amazondreams.com.br,3,Amazon.com
DIGITRON DA AMAZONIA INDUSTRIA E COMERCIO.S/A,10132398,digitron.com.br,3,Amazon.com
Amazonas Shopping,10378024,amshopping.com.br,3,Amazon.com
AmazonDrops Organic Care for Skin & Hair,10117793,amazondrops.com,3,Amazon.com
Career Amazon,15775,careeramazon.com,2,Amazon.com
Dawn on the Amazon Cafe,10109597,dawnontheamazoncafe.com,2,Amazon.com
Oud's Amazone Trading,10253957,amazone.com.au,2,Amazon.com
Águas do Amazonas,10082062,moinhosveracruz.com.br,2,Amazon.com
Amazonia World Theme Park / Parque Temático Mundo Amazónico,10659605,mundoamazonico.com,2,Amazon.com
"Amazon Natural Essentials, LLC",10064947,amazonsaloninc.com,2,Amazon.com
Amazon Exports Pte Ltd,10325320,maheshglobal.com,2,Amazon.com
Amazon Energy Limited,10219143,amazon-energy.com,1,Amazon.com
Flight of the Amazon Queen – Android Retro Adventure Ga,260550,serendipity-apps.com,1,Amazon.com
Ouro Verde Amazonia,10663467,ouroverde.com,1,Amazon.com
"True Hero Events, Productions and Amazon Rep Services",10407398,trueheroevents.com,1,Amazon.com
Amazon Relocation Moving & Storage,107931,amazonrelocation.com,1,Amazon.com
The Amazon Handbook,10158299,visitmanaus.com,1,Amazon.com
"Amazonic Ventures, LLC dba Nativo Amazon Acai",10334346,nativoacai.com,0,Amazon.com
AmazonBella,154810,amazonbella.com,0,Amazon.com
BRASIL AMAZÔNIA PUBLICIDADE E MARKETING,10206489,brasilamazonia.com.br,0,Amazon.com
CFC DA AMAZONIA LTDA,10159321,cfcdaamazonia.com.br,0,Amazon.com
TechIzzoid,245519,amazon.com (currently),0,Amazon.com
Amazon Art Studio,272493,amazonartstudio.com,0,Amazon.com
Amazon Falls Co. Ltd,10293949,amazonfallsthailand.com,0,Amazon.com
Magnum Indústria da Amazônia SA,10204946,magnumsa.com.br,0,Amazon.com
Impressora Amazonense Ltda - IMPRAM,10091653,impram.com.br,0,Amazon.com
"A100 US, LLC (an Amazon Company)",10392348,a100dco.com,0,Amazon.com
Amazon Reforestation Project Inc.,10402956,amazonreforestation.us.com,0,Amazon.com
Heliconia Nature Reserve,10584558,amazonheliconia.com,0,Amazon.com
s3.amazonaws.com,312174,s3.amazonaws.com,0,Amazon.com
Agência Amazônia - Marketing e Comunicação,10080391,agenciaamazonia.com,0,Amazon.com
Amazon Startups,197416,amazonstartups.com,0,Amazon.com
Amazon Color,10040910,amazoncolor.com.br,0,Amazon.com
AAA360.com,10344356,amazonabstractartwerks360.com,0,Amazon.com
Amazona Adventures and Safaris,10344359,amazonasafaris.com,0,Amazon.com
Amazon Totem,10058260,amazontotem.com,0,Amazon.com
"ADE, Inc.",242245,amazondecisionengine.com,0,Amazon.com
Intellitactics,41936,intellitactics.com,6,Intel
Collective Intellect,2531,collectiveintellect.com,6,Intel
Intelliworks,3951,intelliworks.com,6,Intel
Blue Health Intelligence(BHI),177112,bluehealthintelligence.com,5,Intel
Intellitix,153681,intellitix.com,5,Intel
Intelligent Mechatronic Systems,161475,intellimec.com,5,Intel
Agent Video Intelligence,20894,agentvi.com,5,Intel
Intelliject,28291,intelliject.com,5,Intel
Intelligent Energy,21418,intelligent-energy.com,5,Intel
Digital Intelligence Systems,98562,disys.com,5,Intel
Access Intelligence,19855,accessintel.com,5,Intel
Intelex,94991,intelex.com,4,Intel
K2 Intelligence,146636,k2intelligence.com,4,Intel
Intelligent Fingerprinting,178905,intelligentfingerprinting.com,4,Intel
Elastic Intelligence,53674,elasticintelligence.com,4,Intel
Growth Intelligence,103470,growthintel.com,4,Intel
IntelePeer,6321,intelepeer.com,4,Intel
Intellikine,21477,intellikine.com,4,Intel
Intellicyt,193300,intellicyt.com,4,Intel
Intela,7013,intela.com,4,Intel
Intellipharmaceutics International,218280,intellipharmaceutics.com,4,Intel
Intelligize,32126,intelligize.com,4,Intel
Intelleflex,12848,intelleflex.com,4,Intel
Intellione,33380,intellione.com,4,Intel
IntellinX,36809,intellinx-sw.com,4,Intel
Flashpoint,10959819,flashpoint-intel.com,4,Intel
OnAsset Intelligence,63016,onasset.com,4,Intel
Music Intelligence Solutions,455,uplaya.com,4,Intel
Communication Intelligence Corp.,103775,cic.com,4,Intel
IntelliBatt,93392,intellibatt.com,3,Intel
Sano Intelligence,90862,sanointelligence.com,3,Intel
IntelliCell™ BioSciences,157003,intellicellbiosciences.com,3,Intel
IntelleGrow Finance,248751,intellegrow.com,3,Intel
Intelligent Beauty,33769,ibinc.com,3,Intel
DVS Intelestream,35303,dvs.tv,3,Intel
Intellitect Water Holdings,42362,intellitect-water.co.uk,2,Intel
Intellon Corporation,11891,intellon.com,2,Intel
Intelomed,186359,intelomed.com,2,Intel
Intelescope,10940685,intelescope.com,1,Intel
InteliCloud Technology,17646,intelicloud.com,1,Intel
IntelligenceNODE,242930,intelligencenode.com,1,Intel
Signals Intelligence Group,227207,signalsgroup.com,1,Intel
SQFive Intelligent Oilfield Solutions,17325,sqfive.ca,0,Intel
IntelliRad Control,160919,intelliradcontrol.com,0,Intel
Intellia Therapeutics,10885058,intelliatx.com,0,Intel
Anthem Healthcare Intelligence,61668,anthemhi.com,0,Intel
Intelliden,12865,intelliden.com,0,Intel
Clique Intelligence,151179,cliqueintelligence.com,0,Intel
Site Intelligence,52067,site-intelligence.com,0,Intel
Wearable Intelligence,270901,wearableintelligence.com,0,Intel
Ipreo,38651,ipreo.com,5,Ipreo
Ipreo,15773,ipreo.com,5,Ipreo
UBS,282148,ubs.com,7,UBS
UBS,282148,ubs.com,7,UBS
UBS SDIC Fund Management Company Limited,10128897,ubssdic.com,6,UBS
UBS Investment Bank,14768,ibb.ubs.com,6,UBS
UBS SDIC Fund Management Company Limited,10128897,ubssdic.com,6,UBS
UBS Investment Bank,14768,ibb.ubs.com,6,UBS
ubspectrum.com,10781611,ubspectrum.com,5,UBS
ubspectrum.com,10781611,ubspectrum.com,5,UBS
United Bankshares Inc.,10386524,ubsi-inc.com,4,UBS
United Bible Societies - ICAP,10297457,ubs-icap.org,4,UBS
Universal Business Systems Establishment,10769542,ubsystem.kz,4,UBS
ubsinc.com,11000945,ubsinc.com,4,UBS
Universal Business Systems Establishment,10769542,ubsystem.kz,4,UBS
ubsinc.com,11000945,ubsinc.com,4,UBS
United Bankshares Inc.,10386524,ubsi-inc.com,4,UBS
ubs.gov.ua,280289,ubs.gov.ua,4,UBS
United Bible Societies - ICAP,10297457,ubs-icap.org,4,UBS
ubs.gov.ua,280289,ubs.gov.ua,4,UBS
Union Bankshares Corporation,10386523,ubsh.com,3,UBS
UBS Escola de Negócios,10183223,ubs.edu.br,3,UBS
Union Bankshares Corporation,10386523,ubsh.com,3,UBS
universal business systems,10721756,ubsys.com,3,UBS
universal business systems,10721756,ubsys.com,3,UBS
UBS Escola de Negócios,10183223,ubs.edu.br,3,UBS
Universal Business Structured Solution,10135346,ubssolution.com,2,UBS
UB Sistemas,10468702,ubsistemas.com.br,2,UBS
ubsolutions.com,11103735,ubsolutions.com,2,UBS
ubsolutions.com,11103735,ubsolutions.com,2,UBS
Universal Business Structured Solution,10135346,ubssolution.com,2,UBS
UB Sistemas,10468702,ubsistemas.com.br,2,UBS
Ultimate Business Solutions (UBS),10555453,ubs-eg.com,1,UBS
ubsols.com,11143113,ubsols.com,1,UBS
ubsols.com,11143113,ubsols.com,1,UBS
Ultimate Business Solutions (UBS),10555453,ubs-eg.com,1,UBS
UBSS,10590644,ubssllc.com,0,UBS
Ubster,187880,ubster.com,0,UBS
UB Solar,10219249,ubsolar.net,0,UBS
"Unified Business Solutions, Inc.",10593857,ubsionline.com,0,UBS
Universal Buying Services-Panipat,10108626,ubservice.net,0,UBS
United Business Solution,10532374,ubsgroup.me,0,UBS
Ubersky,10973164,ubskn.com,0,UBS
IUT de Vannes,10324665,etud.univ-ubs.fr,0,UBS
United Business Systems (UBS),10567856,ubsmail.com,0,UBS
United Business Solution,10532374,ubsgroup.me,0,UBS
"Unified Business Solutions, Inc.",10593857,ubsionline.com,0,UBS
UBSS,10590644,ubssllc.com,0,UBS
United Business Systems (UBS),10567856,ubsmail.com,0,UBS
UB Securities London LLP,10313568,ubsecuritieslondon.com,0,UBS
IUT de Vannes,10324665,etud.univ-ubs.fr,0,UBS
UB Securities London LLP,10313568,ubsecuritieslondon.com,0,UBS
UB Solar,10219249,ubsolar.net,0,UBS
Ubster,187880,ubster.com,0,UBS
Ubersky,10973164,ubskn.com,0,UBS
Universal Buying Services-Panipat,10108626,ubservice.net,0,UBS
Y Think Tank,11217809,ubs-y.com,0,UBS
Y Think Tank,11217809,ubs-y.com,0,UBS
Viacom,14753,viacom.com,6,Viacom
viacomcareers.com,11105339,viacomcareers.com,6,Viacom
Viacom,125074,viacom.com,6,Viacom
Viacom,125074,viacom.com,6,Viacom
viacomcareers.com,11105339,viacomcareers.com,6,Viacom
Viacom,14753,viacom.com,6,Viacom
VIACOM INTERNATIONAL MEDIA NETWORKS FRANCE,11032151,mtv.fr,5,Viacom
VIACOM INTERNATIONAL MEDIA NETWORKS FRANCE,11032151,mtv.fr,5,Viacom
viacom.de,10940641,viacom.de,5,Viacom
viacom.de,10940641,viacom.de,5,Viacom
Wiacom next Generation,10147973,viacom.net.br,2,Viacom
Wiacom next Generation,10147973,viacom.net.br,2,Viacom
Viacom7 Agência de Comunicação,10752734,viacom7.com.br,1,Viacom
Viacom7 Agência de Comunicação,10752734,viacom7.com.br,1,Viacom
VIACOM NETWORKS BRASIL,10656252,viacombrasil.com,0,Viacom
Via Communications,10376221,viacommunications.bg,0,Viacom
VIACOM NETWORKS BRASIL,10656252,viacombrasil.com,0,Viacom
VIA comunicación digital,10719511,viacomunicacion.com.ar,0,Viacom
Via Communications,10376221,viacommunications.bg,0,Viacom
Viacom Lab,10918888,viacomlab.com,0,Viacom
Viacom Lab,10918888,viacomlab.com,0,Viacom
VIA comunicación digital,10719511,viacomunicacion.com.ar,0,Viacom
Apple Vacations Inc.,10950166,applevacations.com,5,Apple Inc.
"Appleby & Company, Inc.",10237875,applebyco.com,3,Apple Inc.
"Apple Valley Transfer & Storage, Inc.",10835179,applevalleyatlas.com,3,Apple Inc.
"Applegate Group, Inc.",10467171,applegategroup.com,2,Apple Inc.
Red Apple Marketing International Inc.,10170206,redapplepartners.com,2,Apple Inc.
DI-NO Computers Inc Apple Reseller,10585983,di-no.com,2,Apple Inc.
Applewood Controls Inc.,10710286,applewoodcontrols.com,2,Apple Inc.
"Apple Valley Agency, Inc.",10818301,applevalleyagency.com,2,Apple Inc.
Aly's Apples Inc.,10603111,alysapples.com,2,Apple Inc.
"Red Apple School Supply, Inc.",10652897,redapplesupply.com,2,Apple Inc.
"Wild Apple Marketing, Inc.",10536580,wildapplemarketing.com,1,Apple Inc.
"Green Apple Entertainment, Inc.",10594919,greenapple-ent.com,1,Apple Inc.
"Core Commercial, Inc. Appleton, WI",10190841,corewis.com,1,Apple Inc.
"Bob for Apples, Inc.",10477752,bobforapples.com,0,Apple Inc.
"Apple World, Inc.",10368555,post.appleworld.com,0,Apple Inc.
Apple Realm Inc.,10853188,applerealm.com,0,Apple Inc.
"Apple Personnel, Inc.",10095151,applepersonnel.com,0,Apple Inc.
"Applegate, Inc.",10873371,steelapple.net,0,Apple Inc.
Applepalm Enterprise Inc,11059669,applepalm.com,0,Apple Inc.
Apple Nannies Inc.,10497043,applenannies.com,0,Apple Inc.
Casper Journal,10306980,casperjournal.com,6,Casper
Casper Star-Tribune,10498244,trib.com,6,Casper
caspercollege.edu,11118376,caspercollege.edu,6,Casper
Faculdade Cásper Líbero,10093244,casperlibero.edu.br,5,Casper
"Casper Management Inc, aka Reel Theatres",10598034,reeltheatre.com,4,Casper
Casper BV,10407378,casper.aero,4,Casper
Casper Youth for Christ,10777542,yfci.net,4,Casper
casperelectronics,10829512,casperelectronics.com,4,Casper
Casper Area Convention & Visitors Bureau,10598551,casperwyoming.info,4,Casper
Casper,11067070,casper.com.tr,4,Casper
caspercompany.com,11001855,caspercompany.com,3,Casper
casper-ramada.com,11090465,casper-ramada.com,3,Casper
Casper Shipping Ltd,10504494,casperltd.com,3,Casper
Sperati(Ca),10483204,casperatiplc.com,3,Casper
"Shadow Hills Golf Club, Billy Casper Golf",10688340,shadowhillsgolfclub.com,3,Casper
Casper Radiology,10219900,casperradiology.com,2,Casper
Casper's Truck Equipment,10439946,casperstruck.com,1,Casper
casperminds.com,10675345,casperminds.com,1,Casper
"CASPER media, s.r.o.",10396692,caspermedia.sk,1,Casper
Casperdirks.nl,10275350,casperdirks.nl,1,Casper
SISTERSHOPPING - Groupe CASPERA SA,10267184,sistershopping.com,1,Casper
Detroit Lacrosse Club,10169197,caspercorp.com,1,Casper
casper1.com,11151621,casper1.com,1,Casper
Casper Douglas Capital,10155679,casperdouglas.co.uk,1,Casper
Bureau Sølberg,10518775,caspersoelberg.dk,0,Casper
Casper & Gambini's,10481050,almawaed.com,0,Casper
CasperSpy,10548443,casperspy.com,0,Casper
Cásper Jr,10526194,casperjr.com.br,0,Casper
De Sports Casper,10290914,desportscasper.com,0,Casper
Casperius - Partners in People Development,10771087,casperius.be,0,Casper
Caspertel Inc.,10740484,caspertel.com,0,Casper
Casper Financial,10856038,greenstarinsurance.com,0,Casper
Casper Seven,132017,7th.io,0,Casper
Sabrine Caspers Communicatie,10222094,sabrinecaspers.nl,0,Casper
Casper Seven,220218,casperseven.com,0,Casper
Casper,10945353,caspersleep.com,0,Casper
Casper Seven,233622,casper7.com,0,Casper
Casper,245652,casper.com,0,Casper
Caspervandertak Consulting,10160557,cvdtc.com,0,Casper
Caspeco AB,11163263,casperminisystem.se,0,Casper
Double Robotics,98786,doublerobotics.com,5,Double Robotics
Duolingo,88676,duolingo.com,7,Duolingo
Duolingo for Schools,10944381,schools.duolingo.com,0,Duolingo
New York Times,125393,newyorktimes.com,9,New York Times
New York Times,126283,nytimes.com,9,New York Times
The New York Times,22232,nytimes.com,9,New York Times
The New York Times - TimesTalks,11063789,timestalks.com,7,New York Times
New York Times Regional Media Group,10398805,blueridgenow.com,6,New York Times
The New York Times,10919446,ontheavenuemarketing.com,4,New York Times
The New York Times Company,10745667,nytrng.com,0,New York Times
eShares,134748,esharesinc.com,3,eShares
eShares,134748,esharesinc.com,3,eShares
eShares,10881272,eshares.com,2,eShares
eShares,10881272,eshares.com,2,eShares
Adore Me,89917,adoreme.com,5,Adore Me
Bolstr,51065,bolstr.com,3,Bolstr
Dering Hall,151950,deringhall.com,5,Dering Hall
Explain Everything,10987600,explaineverything.com,5,Explain Everything
Global Relay,8192,globalrelay.com,5,Global Relay
TopLine Game Labs,156096,toplinegamelabs.com,3,TopLine Game Labs
